
{
"Routes": [
        {
            "DownstreamPathTemplate": "/api/Product",
            "DownstreamScheme": "https",
            "DownstreamHostAndPorts": [
                {
                    "Host": "localhost",
                    "Port": 7158
                }
            ],
            "UpstreamPathTemplate": "/gateway/product",
            "UpstreamHttpMethod": [ "POST", "PUT", "GET" ]
        },
        {
            "DownstreamPathTemplate": "/api/Customer",
            "DownstreamScheme": "https",
            "DownstreamHostAndPorts": [
                {
                    "Host": "localhost",
                    "Port": 7145
                }
            ],
            "UpstreamPathTemplate": "/gateway/Customer",
            "UpstreamHttpMethod": [ "POST", "PUT", "GET" ]

        }

    ]
}
