{
   
    "Routes": [
        {
            "DownstreamPathTemplate": "/api/Products",
            "DownstreamScheme": "https",
            "DownstreamHostAndPorts": [
                {
                    "Host": "localhost",
                    "Port": 7172
                }
            ],
            "UpstreamPathTemplate": "/gateway/product",
            "UpstreamHttpMethod": [ "POST", "PUT", "GET" ]
        },
        {
            "DownstreamPathTemplate": "/api/Customers",
            "DownstreamScheme": "https",
            "DownstreamHostAndPorts": [
                {
                    "Host": "localhost",
                    "Port": 7034
                }
            ],
            "UpstreamPathTemplate": "/gateway/Customer",
            "UpstreamHttpMethod": [ "POST", "PUT", "GET" ]

        }

    ]
}
